mongodb_id,quota,value,coefficient_id,created_at,updated_at

  55380fa777656204b32a0000,3,1.0,55380fa777656204b3290000,2015-04-22 21:16:23 UTC,2015-04-23 19:42:52 UTC

  55380fa777656204b32b0000,6,1.0,55380fa777656204b3290000,2015-04-22 21:16:23 UTC,2015-04-23 19:42:52 UTC

  55380fa777656204b32c0000,12,1.0,55380fa777656204b3290000,2015-04-22 21:16:23 UTC,2015-04-23 19:42:52 UTC

  55394b9977656204b34d0000,3,1.0717,55394bad77656204b3520000,2015-04-23 19:44:25 UTC,2015-04-23 19:44:45 UTC

  55394b9977656204b34f0000,6,1.1341,55394bad77656204b3520000,2015-04-23 19:44:25 UTC,2015-04-23 19:44:45 UTC

  55394b9977656204b3500000,12,1.2876,55394bad77656204b3520000,2015-04-23 19:44:25 UTC,2015-04-23 19:44:45 UTC

  55395b6d77656204b3760000,3,1.0665,55395b6d77656204b3770000,2015-04-23 20:51:57 UTC,2015-04-23 20:51:57 UTC

  55395b6d77656204b3780000,6,1.1289,55395b6d77656204b3770000,2015-04-23 20:51:57 UTC,2015-04-23 20:51:57 UTC

  55395b6d77656204b3790000,9,1.0,55395b6d77656204b3770000,2015-04-23 20:51:57 UTC,2015-05-10 16:55:32 UTC

  55395b6d77656204b37a0000,12,1.2657,55395b6d77656204b3770000,2015-04-23 20:51:57 UTC,2015-05-10 16:55:32 UTC

  55395bb977656204b38a0000,3,1.0684,55395bb977656204b38b0000,2015-04-23 20:53:13 UTC,2015-04-23 20:53:13 UTC

  55395bb977656204b38c0000,6,1.128,55395bb977656204b38b0000,2015-04-23 20:53:13 UTC,2015-05-10 17:44:00 UTC

  55395bb977656204b38d0000,9,1.1871,55395bb977656204b38b0000,2015-04-23 20:53:13 UTC,2015-05-10 16:54:24 UTC

  55395bc577656204b38e0000,12,1.2571,55395bb977656204b38b0000,2015-04-23 20:53:25 UTC,2015-05-10 16:54:24 UTC

  55395be977656204b3940000,3,1.0667,55395be977656204b3950000,2015-04-23 20:54:01 UTC,2015-04-23 20:54:01 UTC

  55395be977656204b3960000,6,1.1265,55395be977656204b3950000,2015-04-23 20:54:01 UTC,2015-04-23 20:54:01 UTC

  55395be977656204b3970000,9,1.0,55395be977656204b3950000,2015-04-23 20:54:01 UTC,2015-05-10 16:55:57 UTC

  55395be977656204b3980000,12,1.2657,55395be977656204b3950000,2015-04-23 20:54:01 UTC,2015-05-10 16:55:57 UTC

  55395c9877656204b39e0000,3,1.0,55395c9877656204b39f0000,2015-04-23 20:56:56 UTC,2015-04-23 20:56:56 UTC

  55395c9877656204b3a00000,6,1.0,55395c9877656204b39f0000,2015-04-23 20:56:56 UTC,2015-04-23 20:56:56 UTC

  55395c9877656204b3a10000,12,1.0,55395c9877656204b39f0000,2015-04-23 20:56:56 UTC,2015-04-23 20:56:56 UTC

  55395c9877656204b3a20000,9,1.0,55395c9877656204b39f0000,2015-04-23 20:56:56 UTC,2015-04-23 20:56:56 UTC

  55395c9877656204b3a30000,15,1.0,55395c9877656204b39f0000,2015-04-23 20:56:56 UTC,2015-04-23 20:56:56 UTC

  55395c9877656204b3a40000,18,1.0,55395c9877656204b39f0000,2015-04-23 20:56:56 UTC,2015-04-23 20:56:56 UTC

  55395cdd77656204b3af0000,3,1.0,55395cdd77656204b3b00000,2015-04-23 20:58:05 UTC,2015-04-23 20:58:05 UTC

  55395cdd77656204b3b10000,6,1.0,55395cdd77656204b3b00000,2015-04-23 20:58:05 UTC,2015-04-23 20:58:05 UTC

  55395cdd77656204b3b20000,12,1.0,55395cdd77656204b3b00000,2015-04-23 20:58:05 UTC,2015-04-23 20:58:05 UTC

  55395cdd77656204b3b30000,9,1.0,55395cdd77656204b3b00000,2015-04-23 20:58:05 UTC,2015-04-23 20:58:05 UTC

  55395cdd77656204b3b40000,15,1.0,55395cdd77656204b3b00000,2015-04-23 20:58:05 UTC,2015-04-23 20:58:05 UTC

  55395cdd77656204b3b50000,18,1.0,55395cdd77656204b3b00000,2015-04-23 20:58:05 UTC,2015-04-23 20:58:05 UTC

  55395d6777656204b3ca0000,3,1.0,55395d6777656204b3cb0000,2015-04-23 21:00:23 UTC,2015-04-23 21:00:23 UTC

  55395d6777656204b3cc0000,6,1.0,55395d6777656204b3cb0000,2015-04-23 21:00:23 UTC,2015-04-23 21:00:23 UTC

  55395d6777656204b3cd0000,12,1.0,55395d6777656204b3cb0000,2015-04-23 21:00:23 UTC,2015-04-23 21:00:23 UTC

  55395d6777656204b3ce0000,9,1.0,55395d6777656204b3cb0000,2015-04-23 21:00:23 UTC,2015-04-23 21:00:23 UTC

  55395d6777656204b3cf0000,15,1.0,55395d6777656204b3cb0000,2015-04-23 21:00:23 UTC,2015-04-23 21:00:23 UTC

  55395d6777656204b3d00000,18,1.0,55395d6777656204b3cb0000,2015-04-23 21:00:23 UTC,2015-04-23 21:00:23 UTC

  55395d7e77656204b3d60000,3,1.0,55395d7e77656204b3d70000,2015-04-23 21:00:46 UTC,2015-05-10 16:12:20 UTC

  55395d7e77656204b3d80000,6,1.0,55395d7e77656204b3d70000,2015-04-23 21:00:46 UTC,2015-05-10 16:12:20 UTC

  55395d9d77656204b3de0000,3,1.0,55395d9d77656204b3df0000,2015-04-23 21:01:17 UTC,2015-04-23 21:01:17 UTC

  55395d9d77656204b3e00000,6,1.0,55395d9d77656204b3df0000,2015-04-23 21:01:17 UTC,2015-04-23 21:01:17 UTC

  55395d9d77656204b3e10000,12,1.0,55395d9d77656204b3df0000,2015-04-23 21:01:17 UTC,2015-04-23 21:01:17 UTC

  55395d9d77656204b3e20000,9,1.0,55395d9d77656204b3df0000,2015-04-23 21:01:17 UTC,2015-04-23 21:01:17 UTC

  55395d9d77656204b3e30000,15,1.0,55395d9d77656204b3df0000,2015-04-23 21:01:17 UTC,2015-04-23 21:01:17 UTC

  55395d9d77656204b3e40000,18,1.0,55395d9d77656204b3df0000,2015-04-23 21:01:17 UTC,2015-04-23 21:01:17 UTC

  553a8b8877656204b3000100,18,1.0,553a8bbf77656204b3030100,2015-04-24 18:29:28 UTC,2015-04-24 18:30:23 UTC

  553a8b8877656204b3010100,24,1.5304,553a8bbf77656204b3030100,2015-04-24 18:29:28 UTC,2015-04-24 18:30:23 UTC

  553a8b8877656204b3fb0000,3,1.0,553a8bbf77656204b3030100,2015-04-24 18:29:28 UTC,2015-04-24 18:30:23 UTC

  553a8b8877656204b3fd0000,6,1.0,553a8bbf77656204b3030100,2015-04-24 18:29:28 UTC,2015-04-24 18:30:23 UTC

  553a8b8877656204b3fe0000,9,1.0,553a8bbf77656204b3030100,2015-04-24 18:29:28 UTC,2015-04-24 18:30:23 UTC

  553a8b8877656204b3ff0000,12,1.0,553a8bbf77656204b3030100,2015-04-24 18:29:28 UTC,2015-04-24 18:30:23 UTC

  553a8c4e77656204b3090100,3,1.0,553a8c4e77656204b30a0100,2015-04-24 18:32:46 UTC,2015-05-11 12:56:41 UTC

  553a8c4e77656204b30b0100,6,1.0,553a8c4e77656204b30a0100,2015-04-24 18:32:46 UTC,2015-04-24 18:32:46 UTC

  553a8c4e77656204b30c0100,9,1.0,553a8c4e77656204b30a0100,2015-04-24 18:32:46 UTC,2015-04-24 18:32:46 UTC

  553a8c4e77656204b30d0100,12,1.0,553a8c4e77656204b30a0100,2015-04-24 18:32:46 UTC,2015-04-24 18:32:46 UTC

  553a8c4e77656204b30e0100,18,1.4054,553a8c4e77656204b30a0100,2015-04-24 18:32:46 UTC,2015-04-24 18:32:46 UTC

  553a8c4e77656204b30f0100,24,1.5538,553a8c4e77656204b30a0100,2015-04-24 18:32:46 UTC,2015-04-24 18:32:46 UTC

  554a497c7765628e4a0c0000,3,1.0,554a497c7765628e4a0d0000,2015-05-06 17:03:56 UTC,2015-05-08 23:55:38 UTC

  554a497c7765628e4a0e0000,6,1.0,554a497c7765628e4a0d0000,2015-05-06 17:03:56 UTC,2015-05-08 23:55:38 UTC

  554a497c7765628e4a0f0000,12,1.0,554a497c7765628e4a0d0000,2015-05-06 17:03:56 UTC,2015-05-08 23:55:38 UTC

  554a63957765628e4a230000,3,1.0,554a63957765628e4a240000,2015-05-06 18:55:17 UTC,2015-05-06 18:55:17 UTC

  554a63957765628e4a250000,6,1.0,554a63957765628e4a240000,2015-05-06 18:55:17 UTC,2015-05-06 18:55:17 UTC

  554a63957765628e4a260000,9,1.0,554a63957765628e4a240000,2015-05-06 18:55:17 UTC,2015-05-08 23:08:05 UTC

  554d4038776562d850070000,3,1.0,554a622c7765628e4a180000,2015-05-08 23:01:12 UTC,2015-05-08 23:01:12 UTC

  554d4038776562d850080000,6,1.0,554a622c7765628e4a180000,2015-05-08 23:01:12 UTC,2015-05-08 23:01:12 UTC

  554d4038776562d850090000,9,1.0,554a622c7765628e4a180000,2015-05-08 23:01:12 UTC,2015-05-08 23:01:12 UTC

  554d4038776562d8500a0000,12,1.0,554a622c7765628e4a180000,2015-05-08 23:01:12 UTC,2015-05-08 23:01:12 UTC

  554d40f0776562d850100000,3,1.0,554a625f7765628e4a1c0000,2015-05-08 23:04:16 UTC,2015-05-08 23:04:16 UTC

  554d40f0776562d850110000,6,1.0,554a625f7765628e4a1c0000,2015-05-08 23:04:16 UTC,2015-05-08 23:04:16 UTC

  554d40f0776562d850120000,9,1.0,554a625f7765628e4a1c0000,2015-05-08 23:04:16 UTC,2015-05-08 23:04:16 UTC

  554d40f0776562d850130000,12,1.0,554a625f7765628e4a1c0000,2015-05-08 23:04:16 UTC,2015-05-08 23:04:16 UTC

  554d4100776562d850150000,3,1.0,554d4100776562d850140000,2015-05-08 23:04:16 UTC,2015-05-08 23:04:16 UTC

  554d4100776562d850160000,6,1.0,554d4100776562d850140000,2015-05-08 23:04:16 UTC,2015-05-08 23:04:16 UTC

  554d4100776562d850170000,9,1.0,554d4100776562d850140000,2015-05-08 23:04:16 UTC,2015-05-08 23:04:16 UTC

  554d4100776562d850180000,12,1.0,554d4100776562d850140000,2015-05-08 23:04:16 UTC,2015-05-08 23:04:16 UTC

  554d41d5776562d8501b0000,12,1.0,554a63957765628e4a240000,2015-05-08 23:08:05 UTC,2015-05-08 23:08:05 UTC

  554d460f776562d8502b0000,3,1.0,554d460f776562d8502c0000,2015-05-08 23:26:07 UTC,2015-05-08 23:26:07 UTC

  554d460f776562d8502d0000,6,1.0,554d460f776562d8502c0000,2015-05-08 23:26:07 UTC,2015-05-08 23:26:07 UTC

  554d460f776562d8502e0000,9,1.0,554d460f776562d8502c0000,2015-05-08 23:26:07 UTC,2015-05-08 23:26:07 UTC

  554d460f776562d8502f0000,12,1.0,554d460f776562d8502c0000,2015-05-08 23:26:07 UTC,2015-05-08 23:26:07 UTC

  554d465d776562d850350000,3,1.0,554d465d776562d850360000,2015-05-08 23:27:25 UTC,2015-05-08 23:27:25 UTC

  554d465d776562d850370000,6,1.0,554d465d776562d850360000,2015-05-08 23:27:25 UTC,2015-05-08 23:27:25 UTC

  554d465d776562d850380000,9,1.0,554d465d776562d850360000,2015-05-08 23:27:25 UTC,2015-05-08 23:27:25 UTC

  554d465d776562d850390000,12,1.0,554d465d776562d850360000,2015-05-08 23:27:25 UTC,2015-05-08 23:27:25 UTC

  554d4669776562d8503b0000,3,1.0,554d4669776562d8503a0000,2015-05-08 23:27:25 UTC,2015-05-08 23:27:25 UTC

  554d4669776562d8503c0000,6,1.0,554d4669776562d8503a0000,2015-05-08 23:27:25 UTC,2015-05-08 23:27:25 UTC

  554d4669776562d8503d0000,9,1.0,554d4669776562d8503a0000,2015-05-08 23:27:25 UTC,2015-05-08 23:27:25 UTC

  554d4669776562d8503e0000,12,1.0,554d4669776562d8503a0000,2015-05-08 23:27:25 UTC,2015-05-08 23:27:25 UTC

  554d46c8776562d850440000,3,1.0,554d46c8776562d850450000,2015-05-08 23:29:12 UTC,2015-05-08 23:29:12 UTC

  554d46c8776562d850460000,6,1.0,554d46c8776562d850450000,2015-05-08 23:29:12 UTC,2015-05-08 23:29:12 UTC

  554d46c8776562d850470000,9,1.0,554d46c8776562d850450000,2015-05-08 23:29:12 UTC,2015-05-08 23:29:12 UTC

  554d46c8776562d850480000,12,1.0,554d46c8776562d850450000,2015-05-08 23:29:12 UTC,2015-05-10 16:31:22 UTC

  554d47ae776562d850530000,3,1.0,554d47ae776562d850540000,2015-05-08 23:33:02 UTC,2015-05-08 23:33:02 UTC

  554d47ae776562d850550000,6,1.0,554d47ae776562d850540000,2015-05-08 23:33:02 UTC,2015-05-08 23:33:02 UTC

  554d47ae776562d850560000,9,1.0,554d47ae776562d850540000,2015-05-08 23:33:02 UTC,2015-05-08 23:33:02 UTC

  554d47ae776562d850570000,12,1.0,554d47ae776562d850540000,2015-05-08 23:33:02 UTC,2015-05-08 23:33:02 UTC

  554d4870776562d8505d0000,3,1.0,554d4870776562d8505e0000,2015-05-08 23:36:16 UTC,2015-05-08 23:36:16 UTC

  554d4870776562d8505f0000,6,1.0,554d4870776562d8505e0000,2015-05-08 23:36:16 UTC,2015-05-08 23:36:16 UTC

  554d4870776562d850600000,9,1.0,554d4870776562d8505e0000,2015-05-08 23:36:16 UTC,2015-05-08 23:36:16 UTC

  554d4870776562d850610000,12,1.0,554d4870776562d8505e0000,2015-05-08 23:36:16 UTC,2015-05-08 23:36:16 UTC

  554d4876776562d850630000,3,1.0,554d4876776562d850620000,2015-05-08 23:36:16 UTC,2015-05-08 23:36:16 UTC

  554d4876776562d850640000,6,1.0,554d4876776562d850620000,2015-05-08 23:36:16 UTC,2015-05-08 23:36:16 UTC

  554d4876776562d850650000,9,1.0,554d4876776562d850620000,2015-05-08 23:36:16 UTC,2015-05-08 23:36:16 UTC

  554d4876776562d850660000,12,1.0,554d4876776562d850620000,2015-05-08 23:36:16 UTC,2015-05-08 23:36:16 UTC

  554d48c9776562d8506c0000,3,1.0,554d48c9776562d8506d0000,2015-05-08 23:37:45 UTC,2015-05-08 23:37:45 UTC

  554d48c9776562d8506e0000,6,1.0,554d48c9776562d8506d0000,2015-05-08 23:37:45 UTC,2015-05-08 23:37:45 UTC

  554d48c9776562d8506f0000,9,1.0,554d48c9776562d8506d0000,2015-05-08 23:37:45 UTC,2015-05-08 23:37:45 UTC

  554d48c9776562d850700000,12,1.0,554d48c9776562d8506d0000,2015-05-08 23:37:45 UTC,2015-05-08 23:37:45 UTC

  554d49db776562d8507b0000,3,1.0,554d49db776562d8507c0000,2015-05-08 23:42:19 UTC,2015-05-08 23:42:19 UTC

  554d49db776562d8507d0000,6,1.0,554d49db776562d8507c0000,2015-05-08 23:42:19 UTC,2015-05-08 23:42:19 UTC

  554d49db776562d8507e0000,9,1.0,554d49db776562d8507c0000,2015-05-08 23:42:19 UTC,2015-05-08 23:42:19 UTC

  554d49db776562d8507f0000,12,1.0,554d49db776562d8507c0000,2015-05-08 23:42:19 UTC,2015-05-08 23:42:19 UTC

  554d4a0d776562d850850000,3,1.0,554d4a0d776562d850860000,2015-05-08 23:43:09 UTC,2015-05-08 23:43:09 UTC

  554d4a0d776562d850870000,6,1.0,554d4a0d776562d850860000,2015-05-08 23:43:09 UTC,2015-05-08 23:43:09 UTC

  554d4a0d776562d850880000,9,1.0,554d4a0d776562d850860000,2015-05-08 23:43:09 UTC,2015-05-08 23:43:09 UTC

  554d4a0d776562d850890000,12,1.0,554d4a0d776562d850860000,2015-05-08 23:43:09 UTC,2015-05-08 23:43:09 UTC

  554d4a15776562d8508b0000,3,1.0,554d4a15776562d8508a0000,2015-05-08 23:43:09 UTC,2015-05-08 23:43:09 UTC

  554d4a15776562d8508c0000,6,1.0,554d4a15776562d8508a0000,2015-05-08 23:43:09 UTC,2015-05-08 23:43:09 UTC

  554d4a15776562d8508d0000,9,1.0,554d4a15776562d8508a0000,2015-05-08 23:43:09 UTC,2015-05-08 23:43:09 UTC

  554d4a15776562d8508e0000,12,1.0,554d4a15776562d8508a0000,2015-05-08 23:43:09 UTC,2015-05-08 23:43:09 UTC

  554d4a62776562d850940000,3,1.0,554d4a62776562d850950000,2015-05-08 23:44:34 UTC,2015-05-08 23:44:34 UTC

  554d4a62776562d850960000,6,1.0,554d4a62776562d850950000,2015-05-08 23:44:34 UTC,2015-05-08 23:44:34 UTC

  554d4a62776562d850970000,9,1.0,554d4a62776562d850950000,2015-05-08 23:44:34 UTC,2015-05-08 23:44:34 UTC

  554d4a62776562d850980000,12,1.0,554d4a62776562d850950000,2015-05-08 23:44:34 UTC,2015-05-08 23:44:34 UTC

  554d4d00776562d850a30000,3,1.0,554d4d00776562d850a20000,2015-05-06 17:03:56 UTC,2015-05-08 23:55:38 UTC

  554d4d00776562d850a40000,6,1.0,554d4d00776562d850a20000,2015-05-06 17:03:56 UTC,2015-05-08 23:55:38 UTC

  554d4d02776562d850a70000,3,1.0,554d4d02776562d850a60000,2015-05-06 17:03:56 UTC,2015-05-08 23:55:38 UTC

  554d4d02776562d850a80000,6,1.0,554d4d02776562d850a60000,2015-05-06 17:03:56 UTC,2015-05-08 23:55:38 UTC

  554d4d9b776562d850ab0000,3,1.0,554d4d9b776562d850aa0000,2015-05-06 17:03:56 UTC,2015-05-08 23:55:38 UTC

  554d4d9b776562d850ac0000,6,1.0,554d4d9b776562d850aa0000,2015-05-06 17:03:56 UTC,2015-05-08 23:55:38 UTC

  554f836477656204aa000000,9,1.0,55395d7e77656204b3d70000,2015-05-10 16:12:20 UTC,2015-05-10 16:12:20 UTC

  554f836477656204aa010000,12,1.0,55395d7e77656204b3d70000,2015-05-10 16:12:20 UTC,2015-05-10 16:12:20 UTC

  554f836477656204aa020000,18,1.0,55395d7e77656204b3d70000,2015-05-10 16:12:20 UTC,2015-05-10 16:12:20 UTC

  554f836a77656204aa040000,3,1.0,554f836a77656204aa030000,2015-04-23 21:00:46 UTC,2015-05-10 16:12:20 UTC

  554f836a77656204aa050000,6,1.0,554f836a77656204aa030000,2015-04-23 21:00:46 UTC,2015-05-10 16:12:20 UTC

  554f836a77656204aa060000,9,1.0,554f836a77656204aa030000,2015-05-10 16:12:20 UTC,2015-05-10 16:12:20 UTC

  554f836a77656204aa070000,12,1.0,554f836a77656204aa030000,2015-05-10 16:12:20 UTC,2015-05-10 16:12:20 UTC

  554f836a77656204aa080000,18,1.0,554f836a77656204aa030000,2015-05-10 16:12:20 UTC,2015-05-10 16:12:20 UTC

  554f839977656204aa0a0000,3,1.0,554f839977656204aa090000,2015-04-23 21:00:46 UTC,2015-05-10 16:14:11 UTC

  554f839977656204aa0b0000,6,1.0,554f839977656204aa090000,2015-04-23 21:00:46 UTC,2015-05-10 16:14:11 UTC

  554f839977656204aa0c0000,9,1.0,554f839977656204aa090000,2015-05-10 16:12:20 UTC,2015-05-10 16:14:11 UTC

  554f839977656204aa0d0000,12,1.0,554f839977656204aa090000,2015-05-10 16:12:20 UTC,2015-05-10 16:14:11 UTC

  554f839977656204aa0e0000,18,1.0,554f839977656204aa090000,2015-05-10 16:12:20 UTC,2015-05-10 16:14:11 UTC

  554f83d877656204aa100000,3,1.0,554f83d877656204aa0f0000,2015-04-23 21:00:46 UTC,2015-05-10 16:14:48 UTC

  554f83d877656204aa110000,6,1.0,554f83d877656204aa0f0000,2015-04-23 21:00:46 UTC,2015-05-10 16:14:48 UTC

  554f83d877656204aa120000,9,1.0,554f83d877656204aa0f0000,2015-05-10 16:12:20 UTC,2015-05-10 16:14:48 UTC

  554f83d877656204aa130000,12,1.0,554f83d877656204aa0f0000,2015-05-10 16:12:20 UTC,2015-05-10 16:12:20 UTC

  554f83d877656204aa140000,18,1.0,554f83d877656204aa0f0000,2015-05-10 16:12:20 UTC,2015-05-10 16:12:20 UTC

  554f870477656204aa200000,3,1.0,554f870477656204aa210000,2015-05-10 16:27:48 UTC,2015-05-10 16:27:48 UTC

  554f870477656204aa220000,6,1.0,554f870477656204aa210000,2015-05-10 16:27:48 UTC,2015-05-10 16:27:48 UTC

  554f870477656204aa230000,9,1.0,554f870477656204aa210000,2015-05-10 16:27:48 UTC,2015-05-10 16:27:48 UTC

  554f870477656204aa240000,12,1.0,554f870477656204aa210000,2015-05-10 16:27:48 UTC,2015-05-10 16:27:48 UTC

  554f870877656204aa260000,3,1.0,554f870877656204aa250000,2015-05-10 16:27:48 UTC,2015-05-10 16:27:48 UTC

  554f870877656204aa270000,6,1.0,554f870877656204aa250000,2015-05-10 16:27:48 UTC,2015-05-10 16:27:48 UTC

  554f870877656204aa280000,9,1.0,554f870877656204aa250000,2015-05-10 16:27:48 UTC,2015-05-10 16:27:48 UTC

  554f870877656204aa290000,12,1.0,554f870877656204aa250000,2015-05-10 16:27:48 UTC,2015-05-10 16:27:48 UTC

  554f872777656204aa2b0000,3,1.0,554f872777656204aa2a0000,2015-05-10 16:27:48 UTC,2015-05-10 16:27:48 UTC

  554f872777656204aa2c0000,6,1.0,554f872777656204aa2a0000,2015-05-10 16:27:48 UTC,2015-05-12 19:34:44 UTC

  554f872777656204aa2d0000,9,1.0,554f872777656204aa2a0000,2015-05-10 16:27:48 UTC,2015-05-10 16:27:48 UTC

  554f872777656204aa2e0000,12,1.0,554f872777656204aa2a0000,2015-05-10 16:27:48 UTC,2015-05-12 19:34:44 UTC

  554f8abc77656204aa340000,3,1.0,554f8abc77656204aa350000,2015-05-10 16:43:40 UTC,2015-05-10 16:43:40 UTC

  554f8abc77656204aa360000,6,1.0,554f8abc77656204aa350000,2015-05-10 16:43:40 UTC,2015-05-10 16:43:40 UTC

  554f8abc77656204aa370000,9,1.0,554f8abc77656204aa350000,2015-05-10 16:43:40 UTC,2015-05-10 16:43:40 UTC

  554f8abc77656204aa380000,12,1.0,554f8abc77656204aa350000,2015-05-10 16:43:40 UTC,2015-05-10 16:43:40 UTC

  554f8afe77656204aa3e0000,3,1.0,554f8afe77656204aa3f0000,2015-05-10 16:44:46 UTC,2015-05-10 16:44:46 UTC

  554f8afe77656204aa400000,6,1.0,554f8afe77656204aa3f0000,2015-05-10 16:44:46 UTC,2015-05-10 16:44:46 UTC

  554f8afe77656204aa410000,9,1.0,554f8afe77656204aa3f0000,2015-05-10 16:44:46 UTC,2015-05-10 16:44:46 UTC

  554f8afe77656204aa420000,12,1.0,554f8afe77656204aa3f0000,2015-05-10 16:44:46 UTC,2015-05-10 16:44:46 UTC

  554f8b0277656204aa440000,3,1.0,554f8b0277656204aa430000,2015-05-10 16:44:46 UTC,2015-05-10 16:44:46 UTC

  554f8b0277656204aa450000,6,1.0,554f8b0277656204aa430000,2015-05-10 16:44:46 UTC,2015-05-10 16:44:46 UTC

  554f8b0277656204aa460000,9,1.0,554f8b0277656204aa430000,2015-05-10 16:44:46 UTC,2015-05-10 16:44:46 UTC

  554f8b0277656204aa470000,12,1.0,554f8b0277656204aa430000,2015-05-10 16:44:46 UTC,2015-05-10 16:44:46 UTC

  554f8b3677656204aa4d0000,3,1.0,554f8b3677656204aa4e0000,2015-05-10 16:45:42 UTC,2015-05-10 16:45:42 UTC

  554f8b3677656204aa4f0000,6,1.0,554f8b3677656204aa4e0000,2015-05-10 16:45:42 UTC,2015-05-10 16:45:42 UTC

  554f8b3677656204aa500000,9,1.0,554f8b3677656204aa4e0000,2015-05-10 16:45:42 UTC,2015-05-10 16:45:42 UTC

  554f8b3677656204aa510000,12,1.0,554f8b3677656204aa4e0000,2015-05-10 16:45:42 UTC,2015-05-10 16:45:42 UTC

  554f8d4677656204aa530000,3,1.0684,554f8d4677656204aa520000,2015-04-23 20:53:13 UTC,2015-04-23 20:53:13 UTC

  554f8d4677656204aa540000,6,1.128,554f8d4677656204aa520000,2015-04-23 20:53:13 UTC,2015-05-10 16:54:45 UTC

  554f8d4677656204aa550000,9,1.1871,554f8d4677656204aa520000,2015-04-23 20:53:13 UTC,2015-05-10 16:54:24 UTC

  554f8d4677656204aa560000,12,1.2571,554f8d4677656204aa520000,2015-04-23 20:53:25 UTC,2015-05-10 16:54:24 UTC

  554f983a77656204aa5b0000,3,1.0,55394b9977656204b34e0000,2015-05-10 17:41:14 UTC,2015-05-10 17:41:14 UTC

  554f983a77656204aa5c0000,6,1.0,55394b9977656204b34e0000,2015-05-10 17:41:14 UTC,2015-05-10 17:41:14 UTC

  554f983a77656204aa5d0000,12,1.0,55394b9977656204b34e0000,2015-05-10 17:41:14 UTC,2015-05-10 17:41:14 UTC

  554f988c77656204aa5f0000,3,1.0717,554f988c77656204aa5e0000,2015-04-23 19:44:25 UTC,2015-04-23 19:44:45 UTC

  554f988c77656204aa600000,6,1.1341,554f988c77656204aa5e0000,2015-04-23 19:44:25 UTC,2015-04-23 19:44:45 UTC

  554f988c77656204aa610000,12,1.2876,554f988c77656204aa5e0000,2015-04-23 19:44:25 UTC,2015-04-23 19:44:45 UTC

  554f98a877656204aa630000,3,1.0717,554f98a877656204aa620000,2015-04-23 19:44:25 UTC,2015-04-23 19:44:45 UTC

  554f98a877656204aa640000,6,1.1341,554f98a877656204aa620000,2015-04-23 19:44:25 UTC,2015-04-23 19:44:45 UTC

  554f98a877656204aa650000,12,1.2876,554f98a877656204aa620000,2015-04-23 19:44:25 UTC,2015-04-23 19:44:45 UTC

  554f999777656204aa660000,9,1.0,5539552f77656204b3640000,2015-05-10 17:47:03 UTC,2015-05-10 17:47:03 UTC

  554f999777656204aa670000,12,1.0,5539552f77656204b3640000,2015-05-10 17:47:03 UTC,2015-05-10 17:47:03 UTC

  554f999777656204aa680000,24,1.0,5539552f77656204b3640000,2015-05-10 17:47:03 UTC,2015-05-10 17:47:03 UTC

  554f99a677656204aa6a0000,9,1.0,554f99a677656204aa690000,2015-05-10 17:47:03 UTC,2015-05-10 17:47:03 UTC

  554f99a677656204aa6b0000,12,1.0,554f99a677656204aa690000,2015-05-10 17:47:03 UTC,2015-05-10 17:47:03 UTC

  554f99a677656204aa6c0000,24,1.0,554f99a677656204aa690000,2015-05-10 17:47:03 UTC,2015-05-10 17:47:03 UTC

  554f99b577656204aa6e0000,9,1.0,554f99b577656204aa6d0000,2015-05-10 17:47:03 UTC,2015-05-10 17:47:03 UTC

  554f99b577656204aa6f0000,12,1.0,554f99b577656204aa6d0000,2015-05-10 17:47:03 UTC,2015-05-10 17:47:03 UTC

  554f99b577656204aa700000,24,1.0,554f99b577656204aa6d0000,2015-05-10 17:47:03 UTC,2015-05-10 17:47:03 UTC

  554f99ce77656204aa720000,9,1.0,554f99ce77656204aa710000,2015-05-10 17:47:03 UTC,2015-05-10 17:47:03 UTC

  554f99ce77656204aa730000,12,1.0,554f99ce77656204aa710000,2015-05-10 17:47:03 UTC,2015-05-10 17:47:03 UTC

  554f99ce77656204aa740000,24,1.0,554f99ce77656204aa710000,2015-05-10 17:47:03 UTC,2015-05-10 17:47:03 UTC

  554f9a4477656204aa7a0000,3,1.0,554f9a4477656204aa7b0000,2015-05-10 17:49:56 UTC,2015-05-10 17:49:56 UTC

  554f9a4477656204aa7c0000,6,1.0,554f9a4477656204aa7b0000,2015-05-10 17:49:56 UTC,2015-05-10 17:49:56 UTC

  554f9a4477656204aa7d0000,9,1.0,554f9a4477656204aa7b0000,2015-05-10 17:49:56 UTC,2015-05-10 17:49:56 UTC

  554f9a4477656204aa7e0000,12,1.0,554f9a4477656204aa7b0000,2015-05-10 17:49:56 UTC,2015-05-10 17:49:56 UTC

  554f9a4977656204aa800000,3,1.0,554f9a4977656204aa7f0000,2015-05-10 17:49:56 UTC,2015-05-10 17:49:56 UTC

  554f9a4977656204aa810000,6,1.0,554f9a4977656204aa7f0000,2015-05-10 17:49:56 UTC,2015-05-10 17:49:56 UTC

  554f9a4977656204aa820000,9,1.0,554f9a4977656204aa7f0000,2015-05-10 17:49:56 UTC,2015-05-10 17:49:56 UTC

  554f9a4977656204aa830000,12,1.0,554f9a4977656204aa7f0000,2015-05-10 17:49:56 UTC,2015-05-10 17:49:56 UTC

  554f9a8c77656204aa8e0000,3,1.0,554f9a8c77656204aa8f0000,2015-05-10 17:51:08 UTC,2015-05-10 17:51:08 UTC

  554f9a8c77656204aa900000,6,1.0,554f9a8c77656204aa8f0000,2015-05-10 17:51:08 UTC,2015-05-10 17:51:08 UTC

  554f9a8c77656204aa910000,9,1.0,554f9a8c77656204aa8f0000,2015-05-10 17:51:08 UTC,2015-05-10 17:51:08 UTC

  554f9a8c77656204aa920000,12,1.0,554f9a8c77656204aa8f0000,2015-05-10 17:51:08 UTC,2015-05-10 17:51:08 UTC

  554f9a9077656204aa940000,3,1.0,554f9a9077656204aa930000,2015-05-10 17:51:08 UTC,2015-05-10 17:51:08 UTC

  554f9a9077656204aa950000,6,1.0,554f9a9077656204aa930000,2015-05-10 17:51:08 UTC,2015-05-10 17:51:08 UTC

  554f9a9077656204aa960000,9,1.0,554f9a9077656204aa930000,2015-05-10 17:51:08 UTC,2015-05-10 17:51:08 UTC

  554f9a9077656204aa970000,12,1.0,554f9a9077656204aa930000,2015-05-10 17:51:08 UTC,2015-05-10 17:51:08 UTC

  554f9af477656204aa9d0000,3,1.0,554f9af477656204aa9e0000,2015-05-10 17:52:52 UTC,2015-05-10 17:52:52 UTC

  554f9af477656204aa9f0000,6,1.0,554f9af477656204aa9e0000,2015-05-10 17:52:52 UTC,2015-05-10 17:52:52 UTC

  554f9af477656204aaa00000,9,1.0,554f9af477656204aa9e0000,2015-05-10 17:52:52 UTC,2015-05-10 17:52:52 UTC

  554f9af477656204aaa10000,12,1.0,554f9af477656204aa9e0000,2015-05-10 17:52:52 UTC,2015-05-10 17:52:52 UTC

  554f9b1477656204aaa90000,1,1.0,554f9b1477656204aaaa0000,2015-05-10 17:53:24 UTC,2015-05-10 17:53:24 UTC

  554fa46c77656204aabf0000,3,1.0,554fa46c77656204aac00000,2015-05-10 18:33:16 UTC,2015-05-10 18:33:16 UTC

  554fa46c77656204aac10000,6,1.0,554fa46c77656204aac00000,2015-05-10 18:33:16 UTC,2015-05-10 18:33:16 UTC

  554fa46c77656204aac20000,9,1.0,554fa46c77656204aac00000,2015-05-10 18:33:16 UTC,2015-05-10 18:33:16 UTC

  554fa46c77656204aac30000,12,1.0,554fa46c77656204aac00000,2015-05-10 18:33:16 UTC,2015-05-10 18:33:16 UTC

  554fa47177656204aac50000,3,1.0,554fa47177656204aac40000,2015-05-10 18:33:16 UTC,2015-05-10 18:33:16 UTC

  554fa47177656204aac60000,6,1.0,554fa47177656204aac40000,2015-05-10 18:33:16 UTC,2015-05-10 18:33:16 UTC

  554fa47177656204aac70000,9,1.0,554fa47177656204aac40000,2015-05-10 18:33:16 UTC,2015-05-10 18:33:16 UTC

  554fa47177656204aac80000,12,1.0,554fa47177656204aac40000,2015-05-10 18:33:16 UTC,2015-05-10 18:33:16 UTC

  554fa48277656204aaca0000,3,1.0,554fa48277656204aac90000,2015-05-10 18:33:16 UTC,2015-05-10 18:34:35 UTC

  554fa48277656204aacb0000,6,1.0,554fa48277656204aac90000,2015-05-10 18:33:16 UTC,2015-05-10 18:34:35 UTC

  554fa48277656204aacc0000,9,1.0,554fa48277656204aac90000,2015-05-10 18:33:16 UTC,2015-05-10 18:34:35 UTC

  554fa48277656204aacd0000,12,1.0,554fa48277656204aac90000,2015-05-10 18:33:16 UTC,2015-05-10 18:33:16 UTC

  554fa4c177656204aacf0000,3,1.0,554fa4c177656204aace0000,2015-05-10 18:33:16 UTC,2015-05-10 18:34:35 UTC

  554fa4c177656204aad00000,6,1.0,554fa4c177656204aace0000,2015-05-10 18:33:16 UTC,2015-05-10 18:34:35 UTC

  554fa4c177656204aad10000,9,1.0,554fa4c177656204aace0000,2015-05-10 18:33:16 UTC,2015-05-10 18:34:35 UTC

  554fa4c177656204aad20000,12,1.0,554fa4c177656204aace0000,2015-05-10 18:33:16 UTC,2015-05-10 18:33:16 UTC

  554fa4d677656204aad40000,3,1.0,554fa4d677656204aad30000,2015-05-10 18:33:16 UTC,2015-05-10 18:35:41 UTC

  554fa4d677656204aad50000,6,1.0,554fa4d677656204aad30000,2015-05-10 18:33:16 UTC,2015-05-10 18:35:41 UTC

  554fa4d677656204aad60000,9,1.0,554fa4d677656204aad30000,2015-05-10 18:33:16 UTC,2015-05-10 18:35:41 UTC

  554fa4d677656204aad70000,12,1.0,554fa4d677656204aad30000,2015-05-10 18:33:16 UTC,2015-05-10 18:35:41 UTC

  554fa6d377656204aae30000,3,1.0,554fa6d377656204aae40000,2015-05-10 18:43:31 UTC,2015-05-10 18:43:31 UTC

  554fa6d377656204aae50000,6,1.0,554fa6d377656204aae40000,2015-05-10 18:43:31 UTC,2015-05-10 18:43:31 UTC

  554fa6d377656204aae60000,9,1.0,554fa6d377656204aae40000,2015-05-10 18:43:31 UTC,2015-05-10 18:43:31 UTC

  554fa6d377656204aae70000,12,1.0,554fa6d377656204aae40000,2015-05-10 18:43:31 UTC,2015-05-10 18:43:31 UTC

  554fa6df77656204aae90000,3,1.0,554fa6df77656204aae80000,2015-05-10 18:43:31 UTC,2015-05-10 18:44:21 UTC

  554fa6df77656204aaea0000,6,1.0,554fa6df77656204aae80000,2015-05-10 18:43:31 UTC,2015-05-10 18:44:21 UTC

  554fa6df77656204aaeb0000,9,1.0,554fa6df77656204aae80000,2015-05-10 18:43:31 UTC,2015-05-10 18:44:21 UTC

  554fa6df77656204aaec0000,12,1.0,554fa6df77656204aae80000,2015-05-10 18:43:31 UTC,2015-05-10 18:43:31 UTC

  554fa70b77656204aaee0000,3,1.0,554fa70b77656204aaed0000,2015-05-10 18:43:31 UTC,2015-05-10 18:43:31 UTC

  554fa70b77656204aaef0000,6,1.0,554fa70b77656204aaed0000,2015-05-10 18:43:31 UTC,2015-05-10 18:43:31 UTC

  554fa70b77656204aaf00000,9,1.0,554fa70b77656204aaed0000,2015-05-10 18:43:31 UTC,2015-05-10 18:43:31 UTC

  554fa70b77656204aaf10000,12,1.0,554fa70b77656204aaed0000,2015-05-10 18:43:31 UTC,2015-05-10 18:43:31 UTC

  554fa71977656204aaf30000,3,1.0,554fa71977656204aaf20000,2015-05-10 18:43:31 UTC,2015-05-10 18:44:21 UTC

  554fa71977656204aaf40000,6,1.0,554fa71977656204aaf20000,2015-05-10 18:43:31 UTC,2015-05-10 18:44:21 UTC

  554fa71977656204aaf50000,9,1.0,554fa71977656204aaf20000,2015-05-10 18:43:31 UTC,2015-05-10 18:44:21 UTC

  554fa71977656204aaf60000,12,1.0,554fa71977656204aaf20000,2015-05-10 18:43:31 UTC,2015-05-10 18:43:31 UTC

  554fa72b77656204aaf80000,3,1.0,554fa72b77656204aaf70000,2015-05-10 18:43:31 UTC,2015-05-10 18:45:28 UTC

  554fa72b77656204aaf90000,6,1.0,554fa72b77656204aaf70000,2015-05-10 18:43:31 UTC,2015-05-10 18:45:28 UTC

  554fa72b77656204aafa0000,9,1.0,554fa72b77656204aaf70000,2015-05-10 18:43:31 UTC,2015-05-10 18:45:28 UTC

  554fa72b77656204aafb0000,12,1.0,554fa72b77656204aaf70000,2015-05-10 18:43:31 UTC,2015-05-10 18:45:28 UTC

  554fa7c877656204aa030100,1,1.0,554fa7c877656204aa040100,2015-05-10 18:47:36 UTC,2015-05-10 18:47:36 UTC

  554fa81e77656204aa0b0100,1,1.0,554fa81e77656204aa0c0100,2015-05-10 18:49:02 UTC,2015-05-10 18:49:02 UTC

  554faa4b77656204aa190100,3,1.0,554faa4b77656204aa1a0100,2015-05-10 18:58:19 UTC,2015-05-10 18:58:19 UTC

  554faa4b77656204aa1b0100,6,1.0,554faa4b77656204aa1a0100,2015-05-10 18:58:19 UTC,2015-05-10 18:58:19 UTC

  554faa4b77656204aa1c0100,9,1.0,554faa4b77656204aa1a0100,2015-05-10 18:58:19 UTC,2015-05-10 18:58:19 UTC

  554faa4b77656204aa1d0100,12,1.0,554faa4b77656204aa1a0100,2015-05-10 18:58:19 UTC,2015-05-10 18:58:19 UTC

  554faa4f77656204aa1f0100,3,1.0,554faa4f77656204aa1e0100,2015-05-10 18:58:19 UTC,2015-05-10 18:58:52 UTC

  554faa4f77656204aa200100,6,1.0,554faa4f77656204aa1e0100,2015-05-10 18:58:19 UTC,2015-05-10 18:58:52 UTC

  554faa4f77656204aa210100,9,1.0,554faa4f77656204aa1e0100,2015-05-10 18:58:19 UTC,2015-05-10 18:58:52 UTC

  554faa4f77656204aa220100,12,1.0,554faa4f77656204aa1e0100,2015-05-10 18:58:19 UTC,2015-05-10 18:58:19 UTC

  554faa7a77656204aa240100,3,1.0,554faa7a77656204aa230100,2015-05-10 18:58:19 UTC,2015-05-10 18:58:52 UTC

  554faa7a77656204aa250100,6,1.0,554faa7a77656204aa230100,2015-05-10 18:58:19 UTC,2015-05-10 18:58:52 UTC

  554faa7a77656204aa260100,9,1.0,554faa7a77656204aa230100,2015-05-10 18:58:19 UTC,2015-05-10 18:58:52 UTC

  554faa7a77656204aa270100,12,1.0,554faa7a77656204aa230100,2015-05-10 18:58:19 UTC,2015-05-10 18:58:19 UTC

  554faa8d77656204aa290100,3,1.0,554faa8d77656204aa280100,2015-05-10 18:58:19 UTC,2015-05-10 19:00:04 UTC

  554faa8d77656204aa2a0100,6,1.0,554faa8d77656204aa280100,2015-05-10 18:58:19 UTC,2015-05-10 19:00:04 UTC

  554faa8d77656204aa2b0100,9,1.0,554faa8d77656204aa280100,2015-05-10 18:58:19 UTC,2015-05-10 19:00:04 UTC

  554faa8d77656204aa2c0100,12,1.0,554faa8d77656204aa280100,2015-05-10 18:58:19 UTC,2015-05-10 19:00:04 UTC

  554fabd077656204aa360100,1,1.0,554fabd077656204aa370100,2015-05-10 19:04:48 UTC,2015-05-24 22:57:53 UTC

  554fabd477656204aa390100,1,1.0,554fabd477656204aa380100,2015-05-10 19:04:48 UTC,2015-05-10 19:05:01 UTC

  554fabe077656204aa3b0100,1,1.0,554fabe077656204aa3a0100,2015-05-10 19:04:48 UTC,2015-05-10 19:05:01 UTC

  554facbe77656204aa460100,3,1.0,554facbe77656204aa470100,2015-05-10 19:08:46 UTC,2015-05-10 19:08:46 UTC

  554facbe77656204aa480100,6,1.0,554facbe77656204aa470100,2015-05-10 19:08:46 UTC,2015-05-10 19:08:46 UTC

  554facbe77656204aa490100,9,1.0,554facbe77656204aa470100,2015-05-10 19:08:46 UTC,2015-05-10 19:08:46 UTC

  554facbe77656204aa4a0100,12,1.0,554facbe77656204aa470100,2015-05-10 19:08:46 UTC,2015-05-10 19:08:46 UTC

  554facc277656204aa4c0100,3,1.0,554facc277656204aa4b0100,2015-05-10 19:08:46 UTC,2015-05-10 19:09:18 UTC

  554facc277656204aa4d0100,6,1.0,554facc277656204aa4b0100,2015-05-10 19:08:46 UTC,2015-05-10 19:09:18 UTC

  554facc277656204aa4e0100,9,1.0,554facc277656204aa4b0100,2015-05-10 19:08:46 UTC,2015-05-10 19:09:18 UTC

  554facc277656204aa4f0100,12,1.0,554facc277656204aa4b0100,2015-05-10 19:08:46 UTC,2015-05-10 19:08:46 UTC

  554face877656204aa510100,3,1.0,554face877656204aa500100,2015-05-10 19:08:46 UTC,2015-05-10 19:09:18 UTC

  554face877656204aa520100,6,1.0,554face877656204aa500100,2015-05-10 19:08:46 UTC,2015-05-10 19:09:18 UTC

  554face877656204aa530100,9,1.0,554face877656204aa500100,2015-05-10 19:08:46 UTC,2015-05-10 19:09:18 UTC

  554face877656204aa540100,12,1.0,554face877656204aa500100,2015-05-10 19:08:46 UTC,2015-05-10 19:08:46 UTC

  554faced77656204aa560100,3,1.0,554faced77656204aa550100,2015-05-10 19:08:46 UTC,2015-05-10 19:10:36 UTC

  554faced77656204aa570100,6,1.0,554faced77656204aa550100,2015-05-10 19:08:46 UTC,2015-05-10 19:10:36 UTC

  554faced77656204aa580100,9,1.0,554faced77656204aa550100,2015-05-10 19:08:46 UTC,2015-05-10 19:10:36 UTC

  554faced77656204aa590100,12,1.0,554faced77656204aa550100,2015-05-10 19:08:46 UTC,2015-05-10 19:10:36 UTC

  554fae4577656204aa640100,3,1.0,554fae4577656204aa650100,2015-05-10 19:15:17 UTC,2015-05-10 19:15:17 UTC

  554fae4577656204aa660100,6,1.0,554fae4577656204aa650100,2015-05-10 19:15:17 UTC,2015-05-10 19:15:17 UTC

  554fae4577656204aa670100,9,1.0,554fae4577656204aa650100,2015-05-10 19:15:17 UTC,2015-05-10 19:15:17 UTC

  554fae4577656204aa680100,12,1.0,554fae4577656204aa650100,2015-05-10 19:15:17 UTC,2015-05-10 19:15:17 UTC

  554fae4877656204aa6a0100,3,1.0,554fae4877656204aa690100,2015-05-10 19:15:17 UTC,2015-05-10 19:15:43 UTC

  554fae4877656204aa6b0100,6,1.0,554fae4877656204aa690100,2015-05-10 19:15:17 UTC,2015-05-10 19:15:43 UTC

  554fae4877656204aa6c0100,9,1.0,554fae4877656204aa690100,2015-05-10 19:15:17 UTC,2015-05-10 19:15:44 UTC

  554fae4877656204aa6d0100,12,1.0,554fae4877656204aa690100,2015-05-10 19:15:17 UTC,2015-05-10 19:15:17 UTC

  554fae6377656204aa6f0100,3,1.0,554fae6377656204aa6e0100,2015-05-10 19:15:17 UTC,2015-05-10 19:15:43 UTC

  554fae6377656204aa700100,6,1.0,554fae6377656204aa6e0100,2015-05-10 19:15:17 UTC,2015-05-10 19:15:43 UTC

  554fae6377656204aa710100,9,1.0,554fae6377656204aa6e0100,2015-05-10 19:15:17 UTC,2015-05-10 19:15:44 UTC

  554fae6377656204aa720100,12,1.0,554fae6377656204aa6e0100,2015-05-10 19:15:17 UTC,2015-05-10 19:15:17 UTC

  554fae7477656204aa740100,3,1.0,554fae7477656204aa730100,2015-05-10 19:15:17 UTC,2015-05-10 19:16:32 UTC

  554fae7477656204aa750100,6,1.0,554fae7477656204aa730100,2015-05-10 19:15:17 UTC,2015-05-10 19:16:32 UTC

  554fae7477656204aa760100,9,1.0,554fae7477656204aa730100,2015-05-10 19:15:17 UTC,2015-05-10 19:16:32 UTC

  554fae7477656204aa770100,12,1.0,554fae7477656204aa730100,2015-05-10 19:15:17 UTC,2015-05-10 19:16:32 UTC

  554faf2f77656204aa800100,3,1.0,554faf2f77656204aa810100,2015-05-10 19:19:11 UTC,2015-05-10 19:19:11 UTC

  554faf2f77656204aa820100,6,1.0,554faf2f77656204aa810100,2015-05-10 19:19:11 UTC,2015-05-10 19:19:11 UTC

  554faf3577656204aa840100,3,1.0,554faf3577656204aa830100,2015-05-10 19:19:11 UTC,2015-05-10 19:21:08 UTC

  554faf3577656204aa850100,6,1.0,554faf3577656204aa830100,2015-05-10 19:19:11 UTC,2015-05-10 19:21:08 UTC

  554fb07577656204aa900100,3,1.0,554fb07577656204aa910100,2015-05-10 19:24:37 UTC,2015-05-10 19:24:37 UTC

  554fb07577656204aa920100,6,1.0,554fb07577656204aa910100,2015-05-10 19:24:37 UTC,2015-05-10 19:24:37 UTC

  554fb07577656204aa930100,9,1.0,554fb07577656204aa910100,2015-05-10 19:24:37 UTC,2015-05-10 19:24:37 UTC

  554fb07577656204aa940100,12,1.0,554fb07577656204aa910100,2015-05-10 19:24:37 UTC,2015-05-10 19:24:37 UTC

  554fb09f77656204aa9a0100,3,1.0,554fb09f77656204aa9b0100,2015-05-10 19:25:19 UTC,2015-05-10 19:25:19 UTC

  554fb09f77656204aa9c0100,6,1.0,554fb09f77656204aa9b0100,2015-05-10 19:25:19 UTC,2015-05-10 19:25:19 UTC

  554fb09f77656204aa9d0100,9,1.0,554fb09f77656204aa9b0100,2015-05-10 19:25:19 UTC,2015-05-10 19:25:28 UTC

  554fb09f77656204aa9e0100,12,1.0,554fb09f77656204aa9b0100,2015-05-10 19:25:19 UTC,2015-05-10 19:25:19 UTC

  554fb0ad77656204aaa00100,3,1.0,554fb0ad77656204aa9f0100,2015-05-10 19:25:19 UTC,2015-05-10 19:25:19 UTC

  554fb0ad77656204aaa10100,6,1.0,554fb0ad77656204aa9f0100,2015-05-10 19:25:19 UTC,2015-05-10 19:25:19 UTC

  554fb0ad77656204aaa20100,9,1.0,554fb0ad77656204aa9f0100,2015-05-10 19:25:19 UTC,2015-05-10 19:25:28 UTC

  554fb0ad77656204aaa30100,12,1.0,554fb0ad77656204aa9f0100,2015-05-10 19:25:19 UTC,2015-05-10 19:25:19 UTC

  554fb10077656204aaae0100,3,1.0,554fb10077656204aaaf0100,2015-05-10 19:26:56 UTC,2015-05-10 19:26:56 UTC

  554fb10077656204aab00100,6,1.0,554fb10077656204aaaf0100,2015-05-10 19:26:56 UTC,2015-05-10 19:26:56 UTC

  554fb10077656204aab10100,9,1.0,554fb10077656204aaaf0100,2015-05-10 19:26:56 UTC,2015-05-10 19:26:56 UTC

  554fb10077656204aab20100,12,1.0,554fb10077656204aaaf0100,2015-05-10 19:26:56 UTC,2015-05-10 19:26:56 UTC

  554fb23e77656204aabc0100,3,1.0,554fb23e77656204aabd0100,2015-05-10 19:32:14 UTC,2015-05-10 19:32:14 UTC

  554fb23e77656204aabe0100,6,1.0,554fb23e77656204aabd0100,2015-05-10 19:32:14 UTC,2015-05-10 19:32:14 UTC

  554fb23e77656204aabf0100,9,1.0,554fb23e77656204aabd0100,2015-05-10 19:32:14 UTC,2015-05-10 19:32:14 UTC

  554fb23e77656204aac00100,12,1.0,554fb23e77656204aabd0100,2015-05-10 19:32:14 UTC,2015-05-10 19:32:14 UTC

  554fb29e77656204aac70100,3,1.0,554fb29e77656204aac80100,2015-05-10 19:33:50 UTC,2015-05-10 19:33:50 UTC

  554fb29e77656204aac90100,6,1.0,554fb29e77656204aac80100,2015-05-10 19:33:50 UTC,2015-05-10 19:33:50 UTC

  554fb29e77656204aaca0100,9,1.0,554fb29e77656204aac80100,2015-05-10 19:33:50 UTC,2015-05-10 19:33:50 UTC

  554fb29e77656204aacb0100,12,1.0,554fb29e77656204aac80100,2015-05-10 19:33:50 UTC,2015-05-10 19:33:50 UTC

  554fb2ac77656204aacd0100,3,1.0,554fb2ac77656204aacc0100,2015-05-10 19:33:50 UTC,2015-05-10 19:34:28 UTC

  554fb2ac77656204aace0100,6,1.0,554fb2ac77656204aacc0100,2015-05-10 19:33:50 UTC,2015-05-10 19:34:28 UTC

  554fb2ac77656204aacf0100,9,1.0,554fb2ac77656204aacc0100,2015-05-10 19:33:50 UTC,2015-05-10 19:34:28 UTC

  554fb2ac77656204aad00100,12,1.0,554fb2ac77656204aacc0100,2015-05-10 19:33:50 UTC,2015-05-10 19:33:50 UTC

  554fb2c877656204aad20100,3,1.0,554fb2c877656204aad10100,2015-05-10 19:33:50 UTC,2015-05-10 19:34:28 UTC

  554fb2c877656204aad30100,6,1.0,554fb2c877656204aad10100,2015-05-10 19:33:50 UTC,2015-05-10 19:34:28 UTC

  554fb2c877656204aad40100,9,1.0,554fb2c877656204aad10100,2015-05-10 19:33:50 UTC,2015-05-10 19:34:28 UTC

  554fb2c877656204aad50100,12,1.0,554fb2c877656204aad10100,2015-05-10 19:33:50 UTC,2015-05-10 19:33:50 UTC

  554fb3e477656204aadf0100,3,1.0,554fb3e477656204aae00100,2015-05-10 19:39:16 UTC,2015-05-10 19:39:16 UTC

  554fb3e477656204aae10100,6,1.0,554fb3e477656204aae00100,2015-05-10 19:39:16 UTC,2015-05-10 19:39:16 UTC

  554fb3e477656204aae20100,9,1.0,554fb3e477656204aae00100,2015-05-10 19:39:16 UTC,2015-05-10 19:39:16 UTC

  554fb3e477656204aae30100,12,1.0,554fb3e477656204aae00100,2015-05-10 19:39:16 UTC,2015-05-10 19:39:16 UTC

  554fb4a677656204aaee0100,3,1.0,554fb4a677656204aaef0100,2015-05-10 19:42:30 UTC,2015-05-10 19:42:30 UTC

  554fb4a677656204aaf00100,6,1.0,554fb4a677656204aaef0100,2015-05-10 19:42:30 UTC,2015-05-10 19:42:30 UTC

  554fb4a677656204aaf10100,9,1.0,554fb4a677656204aaef0100,2015-05-10 19:42:30 UTC,2015-05-10 19:42:30 UTC

  554fb4a677656204aaf20100,12,1.0,554fb4a677656204aaef0100,2015-05-10 19:42:30 UTC,2015-05-10 19:42:30 UTC

  554fb4ca77656204aaf80100,3,1.0,554fb4ca77656204aaf90100,2015-05-10 19:43:06 UTC,2015-05-10 19:43:06 UTC

  554fb4ca77656204aafa0100,6,1.0,554fb4ca77656204aaf90100,2015-05-10 19:43:06 UTC,2015-05-10 19:43:06 UTC

  554fb4ca77656204aafb0100,9,1.0,554fb4ca77656204aaf90100,2015-05-10 19:43:06 UTC,2015-05-21 18:48:16 UTC

  554fb4ca77656204aafc0100,12,1.0,554fb4ca77656204aaf90100,2015-05-10 19:43:06 UTC,2015-05-10 19:43:06 UTC

  554fb4ce77656204aa000200,9,1.0,554fb4ce77656204aafd0100,2015-05-10 19:43:06 UTC,2015-05-21 18:48:23 UTC

  554fb4ce77656204aa010200,12,1.0,554fb4ce77656204aafd0100,2015-05-10 19:43:06 UTC,2015-05-10 19:43:06 UTC

  554fb4ce77656204aafe0100,3,1.0,554fb4ce77656204aafd0100,2015-05-10 19:43:06 UTC,2015-05-10 19:43:06 UTC

  554fb4ce77656204aaff0100,6,1.0,554fb4ce77656204aafd0100,2015-05-10 19:43:06 UTC,2015-05-10 19:43:06 UTC

  554fb50c77656204aa070200,3,1.0,554fb50c77656204aa080200,2015-05-10 19:44:12 UTC,2015-05-10 19:44:12 UTC

  554fb50c77656204aa090200,6,1.0,554fb50c77656204aa080200,2015-05-10 19:44:12 UTC,2015-05-10 19:44:12 UTC

  554fb50c77656204aa0a0200,9,1.0,554fb50c77656204aa080200,2015-05-10 19:44:12 UTC,2015-05-10 19:44:12 UTC

  554fb50c77656204aa0b0200,12,1.0,554fb50c77656204aa080200,2015-05-10 19:44:12 UTC,2015-05-10 19:44:12 UTC

  554fb5dc77656204aa150200,3,1.0,554fb5dc77656204aa160200,2015-05-10 19:47:40 UTC,2015-05-10 19:47:40 UTC

  554fb5dc77656204aa170200,6,1.0,554fb5dc77656204aa160200,2015-05-10 19:47:40 UTC,2015-05-10 19:47:40 UTC

  554fb5dc77656204aa180200,9,1.0,554fb5dc77656204aa160200,2015-05-10 19:47:40 UTC,2015-05-10 19:47:40 UTC

  554fb5dc77656204aa190200,12,1.0,554fb5dc77656204aa160200,2015-05-10 19:47:40 UTC,2015-05-10 19:47:40 UTC

  554fb5de77656204aa1b0200,3,1.0,554fb5de77656204aa1a0200,2015-05-10 19:47:40 UTC,2015-05-10 19:48:18 UTC

  554fb5de77656204aa1c0200,6,1.0,554fb5de77656204aa1a0200,2015-05-10 19:47:40 UTC,2015-05-10 19:48:18 UTC

  554fb5de77656204aa1d0200,9,1.0,554fb5de77656204aa1a0200,2015-05-10 19:47:40 UTC,2015-05-10 19:48:18 UTC

  554fb5de77656204aa1e0200,12,1.0,554fb5de77656204aa1a0200,2015-05-10 19:47:40 UTC,2015-05-10 19:47:40 UTC

  554fb60877656204aa200200,3,1.0,554fb60877656204aa1f0200,2015-05-10 19:47:40 UTC,2015-05-10 19:49:01 UTC

  554fb60877656204aa210200,6,1.0,554fb60877656204aa1f0200,2015-05-10 19:47:40 UTC,2015-05-10 19:49:01 UTC

  554fb60877656204aa220200,9,1.0,554fb60877656204aa1f0200,2015-05-10 19:47:40 UTC,2015-05-10 19:49:01 UTC

  554fb60877656204aa230200,12,1.0,554fb60877656204aa1f0200,2015-05-10 19:47:40 UTC,2015-05-10 19:49:01 UTC

  554fb69577656204aa2b0200,1,1.0,554fb69577656204aa2c0200,2015-05-10 19:50:45 UTC,2015-05-10 19:50:45 UTC

  554fb6d977656204aa340200,1,1.0,554fb6d977656204aa350200,2015-05-10 19:51:53 UTC,2015-05-10 19:51:53 UTC

  554fb75977656204aa3d0200,1,1.0,554fb75977656204aa3e0200,2015-05-10 19:54:01 UTC,2015-05-10 19:54:01 UTC

  554fb7b477656204aa4b0200,1,1.0,554fb7b477656204aa4c0200,2015-05-10 19:55:32 UTC,2015-05-10 19:55:32 UTC

  554fb7f677656204aa540200,3,1.0667,554fb7f677656204aa550200,2015-05-10 19:56:38 UTC,2015-05-19 15:22:51 UTC

  554fb83777656204aa5d0200,1,1.0,554fb83777656204aa5e0200,2015-05-10 19:57:43 UTC,2015-05-10 19:57:43 UTC

  554fb88e77656204aa660200,1,1.0,554fb88e77656204aa670200,2015-05-10 19:59:10 UTC,2015-05-10 19:59:10 UTC

  554fd9e377656204aa7a0200,3,1.0,554fd9e377656204aa7b0200,2015-05-10 22:21:23 UTC,2015-05-10 22:21:23 UTC

  554fd9e377656204aa7c0200,6,1.0,554fd9e377656204aa7b0200,2015-05-10 22:21:23 UTC,2015-05-10 22:21:23 UTC

  554fd9e377656204aa7d0200,9,1.0,554fd9e377656204aa7b0200,2015-05-10 22:21:23 UTC,2015-05-10 22:21:23 UTC

  554fd9e377656204aa7e0200,12,1.0,554fd9e377656204aa7b0200,2015-05-10 22:21:23 UTC,2015-05-10 22:21:23 UTC

  554fd9e577656204aa7f0200,3,1.0,554fd9e577656204aa800200,2015-05-10 22:21:25 UTC,2015-05-10 22:21:54 UTC

  554fd9e577656204aa810200,6,1.0,554fd9e577656204aa800200,2015-05-10 22:21:25 UTC,2015-05-10 22:21:54 UTC

  554fd9e577656204aa820200,9,1.0,554fd9e577656204aa800200,2015-05-10 22:21:25 UTC,2015-05-10 22:21:54 UTC

  554fd9e577656204aa830200,12,1.0,554fd9e577656204aa800200,2015-05-10 22:21:25 UTC,2015-05-10 22:21:25 UTC

  554fda4a77656204aa890200,3,1.0,554fda4a77656204aa8a0200,2015-05-10 22:23:06 UTC,2015-05-10 22:23:06 UTC

  554fda4a77656204aa8b0200,6,1.0,554fda4a77656204aa8a0200,2015-05-10 22:23:06 UTC,2015-05-10 22:23:06 UTC

  554fda4a77656204aa8c0200,9,1.0,554fda4a77656204aa8a0200,2015-05-10 22:23:06 UTC,2015-05-10 22:23:06 UTC

  554fda4a77656204aa8d0200,12,1.0,554fda4a77656204aa8a0200,2015-05-10 22:23:06 UTC,2015-05-10 22:23:06 UTC

  554fdb4077656204aa990200,3,1.0,554fdb4077656204aa9a0200,2015-05-10 22:27:12 UTC,2015-05-10 22:27:12 UTC

  554fdb4077656204aa9b0200,6,1.0,554fdb4077656204aa9a0200,2015-05-10 22:27:12 UTC,2015-05-10 22:27:12 UTC

  554fdb4077656204aa9c0200,9,1.0,554fdb4077656204aa9a0200,2015-05-10 22:27:12 UTC,2015-05-10 22:27:12 UTC

  554fdb4077656204aa9d0200,12,1.0,554fdb4077656204aa9a0200,2015-05-10 22:27:12 UTC,2015-05-10 22:27:12 UTC

  554fdb4d77656204aa9f0200,3,1.0,554fdb4d77656204aa9e0200,2015-05-10 22:27:12 UTC,2015-05-10 22:28:25 UTC

  554fdb4d77656204aaa00200,6,1.0,554fdb4d77656204aa9e0200,2015-05-10 22:27:12 UTC,2015-05-10 22:28:25 UTC

  554fdb4d77656204aaa10200,9,1.0,554fdb4d77656204aa9e0200,2015-05-10 22:27:12 UTC,2015-05-10 22:28:25 UTC

  554fdb4d77656204aaa20200,12,1.0,554fdb4d77656204aa9e0200,2015-05-10 22:27:12 UTC,2015-05-10 22:27:12 UTC

  554fdbbf77656204aaa80200,3,1.0,554fdbbf77656204aaa90200,2015-05-10 22:29:19 UTC,2015-05-10 22:29:19 UTC

  554fdbbf77656204aaaa0200,6,1.0,554fdbbf77656204aaa90200,2015-05-10 22:29:19 UTC,2015-05-10 22:29:19 UTC

  554fdbbf77656204aaab0200,9,1.0,554fdbbf77656204aaa90200,2015-05-10 22:29:19 UTC,2015-05-10 22:29:19 UTC

  554fdbbf77656204aaac0200,12,1.0,554fdbbf77656204aaa90200,2015-05-10 22:29:19 UTC,2015-05-10 22:29:19 UTC

  554fdbd177656204aaae0200,3,1.0,554fdbd177656204aaad0200,2015-05-10 22:27:12 UTC,2015-05-10 22:28:25 UTC

  554fdbd177656204aaaf0200,6,1.0,554fdbd177656204aaad0200,2015-05-10 22:27:12 UTC,2015-05-10 22:28:25 UTC

  554fdbd177656204aab00200,9,1.0,554fdbd177656204aaad0200,2015-05-10 22:27:12 UTC,2015-05-10 22:28:25 UTC

  554fdbd177656204aab10200,12,1.0,554fdbd177656204aaad0200,2015-05-10 22:27:12 UTC,2015-05-10 22:27:12 UTC

  554fdcfc77656204aabb0200,3,1.0,554fdcfc77656204aabc0200,2015-05-10 22:34:36 UTC,2015-05-10 22:34:36 UTC

  554fdcfc77656204aabd0200,6,1.0,554fdcfc77656204aabc0200,2015-05-10 22:34:36 UTC,2015-05-10 22:34:36 UTC

  554fdcfc77656204aabe0200,9,1.0,554fdcfc77656204aabc0200,2015-05-10 22:34:36 UTC,2015-05-10 22:34:36 UTC

  554fdcfc77656204aabf0200,12,1.0,554fdcfc77656204aabc0200,2015-05-10 22:34:36 UTC,2015-05-10 22:34:36 UTC

  554fdd3677656204aac50200,3,1.0,554fdd3677656204aac60200,2015-05-10 22:35:34 UTC,2015-05-10 22:35:34 UTC

  554fdd3677656204aac70200,6,1.0,554fdd3677656204aac60200,2015-05-10 22:35:34 UTC,2015-05-10 22:35:34 UTC

  554fdd3677656204aac80200,9,1.0,554fdd3677656204aac60200,2015-05-10 22:35:34 UTC,2015-05-10 22:35:34 UTC

  554fdd3677656204aac90200,12,1.0,554fdd3677656204aac60200,2015-05-10 22:35:34 UTC,2015-05-10 22:35:34 UTC

  554fdd4777656204aacb0200,3,1.0,554fdd4777656204aaca0200,2015-05-10 22:34:36 UTC,2015-05-10 22:36:47 UTC

  554fdd4777656204aacc0200,6,1.0,554fdd4777656204aaca0200,2015-05-10 22:34:36 UTC,2015-05-10 22:36:47 UTC

  554fdd4777656204aacd0200,9,1.0,554fdd4777656204aaca0200,2015-05-10 22:34:36 UTC,2015-05-10 22:36:47 UTC

  554fdd4777656204aace0200,12,1.0,554fdd4777656204aaca0200,2015-05-10 22:34:36 UTC,2015-05-10 22:34:36 UTC

  554fdeeb77656204aad90200,3,1.0,554fdeeb77656204aada0200,2015-05-10 22:42:51 UTC,2015-05-10 22:42:51 UTC

  554fdeeb77656204aadb0200,6,1.0,554fdeeb77656204aada0200,2015-05-10 22:42:51 UTC,2015-05-10 22:42:51 UTC

  554fdeeb77656204aadc0200,9,1.0,554fdeeb77656204aada0200,2015-05-10 22:42:51 UTC,2015-05-10 22:42:51 UTC

  554fdeeb77656204aadd0200,12,1.0,554fdeeb77656204aada0200,2015-05-10 22:42:51 UTC,2015-05-10 22:42:51 UTC

  554fdeef77656204aadf0200,3,1.0,554fdeef77656204aade0200,2015-05-10 22:42:51 UTC,2015-05-10 22:43:30 UTC

  554fdeef77656204aae00200,6,1.0,554fdeef77656204aade0200,2015-05-10 22:42:51 UTC,2015-05-10 22:43:30 UTC

  554fdeef77656204aae10200,9,1.0,554fdeef77656204aade0200,2015-05-10 22:42:51 UTC,2015-05-10 22:43:30 UTC

  554fdeef77656204aae20200,12,1.0,554fdeef77656204aade0200,2015-05-10 22:42:51 UTC,2015-05-10 22:42:51 UTC

  554fdf5277656204aae80200,3,1.0,554fdf5277656204aae90200,2015-05-10 22:44:34 UTC,2015-05-10 22:44:34 UTC

  554fdf5277656204aaea0200,6,1.0,554fdf5277656204aae90200,2015-05-10 22:44:34 UTC,2015-05-10 22:44:34 UTC

  554fdf5277656204aaeb0200,9,1.0,554fdf5277656204aae90200,2015-05-10 22:44:34 UTC,2015-05-10 22:44:34 UTC

  554fdf5277656204aaec0200,12,1.0,554fdf5277656204aae90200,2015-05-10 22:44:34 UTC,2015-05-10 22:44:34 UTC

  554fdf6777656204aaee0200,3,1.0,554fdf6777656204aaed0200,2015-05-10 22:42:51 UTC,2015-05-10 22:43:30 UTC

  554fdf6777656204aaef0200,6,1.0,554fdf6777656204aaed0200,2015-05-10 22:42:51 UTC,2015-05-10 22:43:30 UTC

  554fdf6777656204aaf00200,9,1.0,554fdf6777656204aaed0200,2015-05-10 22:42:51 UTC,2015-05-10 22:43:30 UTC

  554fdf6777656204aaf10200,12,1.0,554fdf6777656204aaed0200,2015-05-10 22:42:51 UTC,2015-05-10 22:42:51 UTC

  554fe03977656204aa000300,12,0.0,554fe03977656204aafd0200,2015-05-10 22:48:25 UTC,2015-05-10 22:48:25 UTC

  554fe03977656204aafc0200,3,0.0,554fe03977656204aafd0200,2015-05-10 22:48:25 UTC,2015-05-10 22:48:25 UTC

  554fe03977656204aafe0200,6,0.0,554fe03977656204aafd0200,2015-05-10 22:48:25 UTC,2015-05-10 22:48:25 UTC

  554fe03977656204aaff0200,9,0.0,554fe03977656204aafd0200,2015-05-10 22:48:25 UTC,2015-05-10 22:48:25 UTC

  554fe04777656204aa020300,3,0.0,554fe04777656204aa010300,2015-05-10 22:48:25 UTC,2015-05-10 22:49:37 UTC

  554fe04777656204aa030300,6,0.0,554fe04777656204aa010300,2015-05-10 22:48:25 UTC,2015-05-10 22:49:37 UTC

  554fe04777656204aa040300,9,0.0,554fe04777656204aa010300,2015-05-10 22:48:25 UTC,2015-05-10 22:49:37 UTC

  554fe04777656204aa050300,12,0.0,554fe04777656204aa010300,2015-05-10 22:48:25 UTC,2015-05-10 22:49:37 UTC

  554fe04b77656204aa070300,3,0.0,554fe04b77656204aa060300,2015-05-10 22:48:25 UTC,2015-05-10 22:50:24 UTC

  554fe04b77656204aa080300,6,0.0,554fe04b77656204aa060300,2015-05-10 22:48:25 UTC,2015-05-10 22:50:24 UTC

  554fe04b77656204aa090300,9,0.0,554fe04b77656204aa060300,2015-05-10 22:48:25 UTC,2015-05-10 22:50:24 UTC

  554fe04b77656204aa0a0300,12,0.0,554fe04b77656204aa060300,2015-05-10 22:48:25 UTC,2015-05-10 22:50:24 UTC

  554fe0c577656204aa0c0300,3,0.0,554fe0c577656204aa0b0300,2015-05-10 22:48:25 UTC,2015-05-10 22:49:37 UTC

  554fe0c577656204aa0d0300,6,0.0,554fe0c577656204aa0b0300,2015-05-10 22:48:25 UTC,2015-05-10 22:49:37 UTC

  554fe0c577656204aa0e0300,9,0.0,554fe0c577656204aa0b0300,2015-05-10 22:48:25 UTC,2015-05-10 22:49:37 UTC

  554fe0c577656204aa0f0300,12,0.0,554fe0c577656204aa0b0300,2015-05-10 22:48:25 UTC,2015-05-10 22:49:37 UTC

  5554f62f77656254bf330000,3,1.0684,5554f62f77656254bf340000,2015-05-14 19:23:27 UTC,2015-05-14 19:23:27 UTC

  5554f62f77656254bf350000,6,1.128,5554f62f77656254bf340000,2015-05-14 19:23:27 UTC,2015-05-24 21:41:32 UTC

  5554f62f77656254bf360000,9,1.1871,5554f62f77656254bf340000,2015-05-14 19:23:27 UTC,2015-05-14 19:23:27 UTC

  5554f62f77656254bf370000,12,1.2571,5554f62f77656254bf340000,2015-05-14 19:23:27 UTC,2015-05-14 19:23:27 UTC

  5554f63477656254bf390000,3,1.0684,5554f63477656254bf380000,2015-05-14 19:23:27 UTC,2015-05-14 19:23:27 UTC

  5554f63477656254bf3a0000,6,1.128,5554f63477656254bf380000,2015-05-14 19:23:27 UTC,2015-05-24 21:41:24 UTC

  5554f63477656254bf3b0000,9,1.1871,5554f63477656254bf380000,2015-05-14 19:23:27 UTC,2015-05-14 19:23:27 UTC

  5554f63477656254bf3c0000,12,1.2571,5554f63477656254bf380000,2015-05-14 19:23:27 UTC,2015-05-14 19:23:27 UTC

  5554f69977656254bf420000,3,1.0667,5554f69977656254bf430000,2015-05-14 19:25:13 UTC,2015-05-14 19:25:13 UTC

  5554f69977656254bf440000,6,1.1265,5554f69977656254bf430000,2015-05-14 19:25:13 UTC,2015-05-14 19:25:13 UTC

  5554f69977656254bf450000,9,1.1848,5554f69977656254bf430000,2015-05-14 19:25:13 UTC,2015-05-14 19:25:13 UTC

  5554f69977656254bf460000,12,1.2571,5554f69977656254bf430000,2015-05-14 19:25:13 UTC,2015-05-24 21:41:55 UTC

  5554f6ed77656254bf4c0000,3,1.0665,5554f6ed77656254bf4d0000,2015-05-14 19:26:37 UTC,2015-05-14 19:26:37 UTC

  5554f6ed77656254bf4e0000,6,1.1289,5554f6ed77656254bf4d0000,2015-05-14 19:26:37 UTC,2015-05-14 19:26:37 UTC

  5554f6ed77656254bf4f0000,9,1.1902,5554f6ed77656254bf4d0000,2015-05-14 19:26:37 UTC,2015-05-14 19:26:37 UTC

  5554f6ed77656254bf500000,12,1.2657,5554f6ed77656254bf4d0000,2015-05-14 19:26:37 UTC,2015-05-14 19:26:37 UTC

  555b54f877656266ea070000,3,1.0684,555b54f877656266ea080000,2015-05-19 15:21:28 UTC,2015-05-19 15:21:28 UTC

  555b54f877656266ea090000,6,1.128,555b54f877656266ea080000,2015-05-19 15:21:28 UTC,2015-05-19 15:21:28 UTC

  555b54f877656266ea0a0000,9,1.1871,555b54f877656266ea080000,2015-05-19 15:21:28 UTC,2015-05-19 15:21:28 UTC

  555b54f877656266ea0b0000,12,1.2571,555b54f877656266ea080000,2015-05-19 15:21:28 UTC,2015-05-19 15:21:28 UTC

  555b54fe77656266ea0d0000,3,1.0684,555b54fe77656266ea0c0000,2015-05-19 15:21:28 UTC,2015-05-19 15:21:28 UTC

  555b54fe77656266ea0e0000,6,1.128,555b54fe77656266ea0c0000,2015-05-19 15:21:28 UTC,2015-05-19 15:21:40 UTC

  555b54fe77656266ea0f0000,9,1.1871,555b54fe77656266ea0c0000,2015-05-19 15:21:28 UTC,2015-05-19 15:21:28 UTC

  555b54fe77656266ea100000,12,1.2571,555b54fe77656266ea0c0000,2015-05-19 15:21:28 UTC,2015-05-19 15:21:28 UTC

  555b554b77656266ea110000,6,1.1265,554fb7f677656204aa550200,2015-05-19 15:22:51 UTC,2015-05-19 15:22:51 UTC

  555b554b77656266ea120000,9,1.1848,554fb7f677656204aa550200,2015-05-19 15:22:51 UTC,2015-05-19 15:22:51 UTC

  555b554b77656266ea130000,12,1.2571,554fb7f677656204aa550200,2015-05-19 15:22:51 UTC,2015-05-19 15:22:51 UTC

  555b556e77656266ea190000,3,1.0665,555b556e77656266ea1a0000,2015-05-19 15:23:26 UTC,2015-05-19 15:23:26 UTC

  555b556e77656266ea1b0000,6,1.1289,555b556e77656266ea1a0000,2015-05-19 15:23:26 UTC,2015-05-19 15:23:26 UTC

  555b556e77656266ea1c0000,9,1.1902,555b556e77656266ea1a0000,2015-05-19 15:23:26 UTC,2015-05-19 15:23:26 UTC

  555b556e77656266ea1d0000,12,1.2657,555b556e77656266ea1a0000,2015-05-19 15:23:26 UTC,2015-05-19 15:23:26 UTC

  555e27ca7765623a29070000,3,1.0,555e27ca7765623a29080000,2015-05-21 18:45:30 UTC,2015-06-01 14:04:37 UTC

  555e27ca7765623a29090000,6,1.1265,555e27ca7765623a29080000,2015-05-21 18:45:30 UTC,2015-05-21 18:45:30 UTC

  555e27ca7765623a290a0000,9,1.0,555e27ca7765623a29080000,2015-05-21 18:45:30 UTC,2015-05-24 21:39:00 UTC

  555e27ca7765623a290b0000,12,1.2571,555e27ca7765623a29080000,2015-05-21 18:45:30 UTC,2015-05-21 18:45:30 UTC

  555e28017765623a29110000,3,1.0684,555e28017765623a29120000,2015-05-21 18:46:25 UTC,2015-05-21 18:46:25 UTC

  555e28017765623a29130000,6,1.128,555e28017765623a29120000,2015-05-21 18:46:25 UTC,2015-05-21 18:46:25 UTC

  555e28017765623a29140000,9,1.1871,555e28017765623a29120000,2015-05-21 18:46:25 UTC,2015-05-21 18:46:25 UTC

  555e28017765623a29150000,12,1.2571,555e28017765623a29120000,2015-05-21 18:46:25 UTC,2015-05-21 18:46:25 UTC

  555e280b7765623a29170000,3,1.0684,555e280b7765623a29160000,2015-05-21 18:46:25 UTC,2015-05-21 18:46:25 UTC

  555e280b7765623a29180000,6,1.128,555e280b7765623a29160000,2015-05-21 18:46:25 UTC,2015-05-24 21:39:46 UTC

  555e280b7765623a29190000,9,1.1871,555e280b7765623a29160000,2015-05-21 18:46:25 UTC,2015-05-21 18:46:25 UTC

  555e280b7765623a291a0000,12,1.2571,555e280b7765623a29160000,2015-05-21 18:46:25 UTC,2015-05-21 18:46:25 UTC

  555e283a7765623a29200000,3,1.0665,555e283a7765623a29210000,2015-05-21 18:47:22 UTC,2015-05-21 18:47:22 UTC

  555e283a7765623a29220000,6,1.1289,555e283a7765623a29210000,2015-05-21 18:47:22 UTC,2015-05-21 18:47:22 UTC

  555e283a7765623a29230000,9,1.1902,555e283a7765623a29210000,2015-05-21 18:47:22 UTC,2015-05-21 18:47:22 UTC

  555e283a7765623a29240000,12,1.2657,555e283a7765623a29210000,2015-05-21 18:47:22 UTC,2015-05-21 18:47:22 UTC

  555e2d4e7765623a29250000,3,1.0,553a8b8877656204b3fc0000,2015-05-21 19:09:02 UTC,2015-05-21 19:09:02 UTC

  555e2d4e7765623a29260000,6,1.0,553a8b8877656204b3fc0000,2015-05-21 19:09:02 UTC,2015-05-21 19:09:02 UTC

  555e2d4e7765623a29270000,9,1.0,553a8b8877656204b3fc0000,2015-05-21 19:09:02 UTC,2015-05-21 19:09:02 UTC

  555e2d4e7765623a29280000,12,1.0,553a8b8877656204b3fc0000,2015-05-21 19:09:02 UTC,2015-05-21 19:09:02 UTC

  556259e57765623a292f0000,3,1.0,556259e57765623a29300000,2015-05-24 23:08:21 UTC,2015-05-24 23:08:21 UTC

  556259e57765623a29310000,6,1.0,556259e57765623a29300000,2015-05-24 23:08:21 UTC,2015-05-24 23:08:21 UTC

  556259e57765623a29320000,9,1.0,556259e57765623a29300000,2015-05-24 23:08:21 UTC,2015-05-24 23:08:21 UTC

  556259e57765623a29330000,12,1.0,556259e57765623a29300000,2015-05-24 23:08:21 UTC,2015-05-24 23:08:21 UTC

  556259e97765623a29350000,3,1.0,556259e97765623a29340000,2015-05-24 23:08:21 UTC,2015-05-24 23:08:21 UTC

  556259e97765623a29360000,6,1.0,556259e97765623a29340000,2015-05-24 23:08:21 UTC,2015-05-24 23:08:21 UTC

  556259e97765623a29370000,9,1.0,556259e97765623a29340000,2015-05-24 23:08:21 UTC,2015-05-24 23:08:21 UTC

  556259e97765623a29380000,12,1.0,556259e97765623a29340000,2015-05-24 23:08:21 UTC,2015-05-24 23:08:21 UTC

  55625a227765623a293e0000,3,1.0,55625a227765623a293f0000,2015-05-24 23:09:22 UTC,2015-05-24 23:09:22 UTC

  55625a227765623a29400000,6,1.0,55625a227765623a293f0000,2015-05-24 23:09:23 UTC,2015-05-24 23:09:23 UTC

  55625a227765623a29410000,9,1.0,55625a227765623a293f0000,2015-05-24 23:09:23 UTC,2015-05-24 23:09:23 UTC

  55625a227765623a29420000,12,1.0,55625a227765623a293f0000,2015-05-24 23:09:23 UTC,2015-05-24 23:09:23 UTC

  55625a537765623a29480000,3,1.0,55625a537765623a29490000,2015-05-24 23:10:11 UTC,2015-05-24 23:10:11 UTC

  55625a537765623a294a0000,6,1.0,55625a537765623a29490000,2015-05-24 23:10:11 UTC,2015-05-24 23:10:11 UTC

  55625a537765623a294b0000,9,1.0,55625a537765623a29490000,2015-05-24 23:10:11 UTC,2015-05-24 23:10:11 UTC

  55625a537765623a294c0000,12,1.0,55625a537765623a29490000,2015-05-24 23:10:11 UTC,2015-05-24 23:10:11 UTC

  55625a687765623a294e0000,3,1.0,55625a687765623a294d0000,2015-05-24 23:09:22 UTC,2015-05-24 23:09:22 UTC

  55625a687765623a294f0000,6,1.0,55625a687765623a294d0000,2015-05-24 23:09:23 UTC,2015-05-24 23:09:23 UTC

  55625a687765623a29500000,9,1.0,55625a687765623a294d0000,2015-05-24 23:09:23 UTC,2015-05-24 23:09:23 UTC

  55625a687765623a29510000,12,1.0,55625a687765623a294d0000,2015-05-24 23:09:23 UTC,2015-05-24 23:09:23 UTC

  55803c776a756127cd060000,3,1.3,55803c776a756127cd070000,2015-06-16 15:10:47 UTC,2015-06-16 15:10:47 UTC

